time,playerPositionX,playerPositionZ,playerRotation,rewardAmount,painBodyPart,painBodySource
0.006118774,0,0,0,0,00,000
0.01223755,0,0.0002988621,0,0,00,000
0.03224182,0,0.0008965865,0,0,00,000
0.04006958,0,0.006052459,0,0,00,000
0.045578,0,0.008559003,0,0,00,000
0.05162048,0,0.01056592,0,0,00,000
0.05766296,0,0.0130575,0,0,00,000
0.06369019,0,0.01584221,0,0,00,000
0.06977844,0,0.01891301,0,0,00,000
0.07583618,0,0.02230703,0,0,00,000
0.08189392,0,0.02597946,0,0,00,000
0.08795166,0,0.02994163,0,0,00,000
0.09407043,0,0.03420672,0,0,00,000
0.1000977,0,0.038811,0,0,00,000
0.1061096,0,0.04363418,0,0,00,000
0.1122131,0,0.04873756,0,0,00,000
0.1182861,0,0.05421368,0,0,00,000
0.1243286,0,0.05996271,0,0,00,000
0.1304016,0,0.06597339,0,0,00,000
0.1364594,0,0.07230365,0,0,00,000
0.1425018,0,0.07891255,0,0,00,000
0.1485443,0,0.08579271,0,0,00,000
0.1546326,0,0.09297171,0,0,00,000
0.1609802,0,0.1004975,0,0,00,000
0.1669617,0,0.1086686,0,0,00,000
0.1729431,0,0.1166634,0,0,00,000
0.1789398,0,0.1249383,0,0,00,000
0.1849213,0,0.1335115,0,0,00,000
0.1911011,0,0.142351,0,0,00,000
0.1973114,0,0.151801,0,0,00,000
0.203186,0,0.1615909,0,0,00,000
0.2091675,0,0.171149,0,0,00,000
0.2153015,0,0.1811643,0,0,00,000
0.2212372,0,0.1917337,0,0,00,000
0.2273712,0,0.2022417,0,0,00,000
0.2336426,0,0.2133939,0,0,00,000
0.2395477,0,0.2251151,0,0,00,000
0.2456055,0,0.2364259,0,0,00,000
0.2516327,0,0.2483399,0,0,00,000
0.2576447,0,0.2604651,0,0,00,000
0.2637482,0,0.2728517,0,0,00,000
0.2698364,0,0.2857316,0,0,00,000
0.2758331,0,0.298868,0,0,00,000
0.2818604,0,0.3120894,0,0,00,000
0.2880402,0,0.3256831,0,0,00,000
0.2940063,0,0.3399348,0,0,00,000
0.3002777,0,0.3539729,0,0,00,000
0.306076,0,0.3690524,0,0,00,000
0.3121796,0,0.3832485,0,0,00,000
0.3181915,0,0.3984868,0,0,00,000
0.3242798,0,0.413773,0,0,00,000
0.3303986,0,0.4295648,0,0,00,000
0.3363953,0,0.4457455,0,0,00,000
0.342514,0,0.4618827,0,0,00,000
0.348587,0,0.4786386,0,0,00,000
0.3545837,0,0.4955943,0,0,00,000
0.361145,0,0.512583,0,0,00,000
0.3668213,0,0.5315462,0,0,00,000
0.372879,0,0.5482247,0,0,00,000
0.3790436,0,0.5662712,0,0,00,000
0.3851624,0,0.5849467,0,0,00,000
0.391037,0,0.6038067,0,0,00,000
0.3970947,0,0.6221827,0,0,00,000
0.4030609,0,0.6414276,0,0,00,000
0.4091492,0,0.6606833,0,0,00,000
0.4152527,0,0.6806222,0,0,00,000
0.421524,0,0.7040865,0,0,00,000
0.4276428,-7.896266E-09,0.7317161,0,0,00,000
0.4333954,-1.522791E-08,0.7618699,0,0,00,000
0.4395294,-2.179655E-08,0.7928543,0,0,00,000
0.4455872,-2.845256E-08,0.8287569,0,0,00,000
0.4517212,-3.47063E-08,0.8668823,0,0,00,000
0.4578705,-4.073114E-08,0.9081206,0,0,00,000
0.4639893,-4.647598E-08,0.9519764,0,0,00,000
0.4703369,-5.191075E-08,0.997951,0,0,00,000
0.4758759,-5.726664E-08,1.048093,0,0,00,000
0.4821167,-6.173877E-08,1.093654,0,0,00,000
0.4879761,-6.652213E-08,1.147063,0,0,00,000
0.493988,-7.08003E-08,1.198952,0,0,00,000
0.500061,-7.497891E-08,1.253971,0,0,00,000
0.5062103,-7.899306E-08,1.311247,0,0,00,000
0.5123901,-8.286298E-08,1.371012,0,0,00,000
0.51828,-8.655315E-08,1.432576,0,0,00,000
0.524292,-8.990959E-08,1.492741,0,0,00,000
0.5308228,-9.316578E-08,1.555439,0,0,00,000
0.5363922,-9.65213E-08,1.625168,0,0,00,000
0.5423737,-9.925651E-08,1.685733,0,0,00,000
0.5488586,-1.020525E-07,1.751937,0,0,00,000
0.5546112,-1.049283E-07,1.825088,0,0,00,000
0.5607452,-1.073616E-07,1.890957,0,0,00,000
0.5667267,-1.098266E-07,1.9622,0,0,00,000
0.5728302,-1.121139E-07,2.032589,0,0,00,000
0.5793457,-1.143357E-07,2.105435,0,0,00,000
0.5851135,-1.165858E-07,2.184309,0,0,00,000
0.5911255,3.009844E-06,2.254768,0.0003926991,0,00,000
0.5976563,1.293255E-05,2.329114,0.0007853981,0,00,000
0.6031799,3.917826E-05,2.410663,0.001570796,0,00,000
0.6092682,7.476028E-05,2.48027,0.001963494,0,00,000
0.6153717,0.0001365367,2.557744,0.002748891,0,00,000
0.6213684,0.0002270293,2.636088,0.003534284,0,00,000
0.6275024,0.0003491332,2.713779,0.004319677,0,00,000
0.6335602,0.0005137516,2.793736,0.005105067,0,00,000
0.6398315,0.0007203208,2.87329,0.005890453,0,00,000
0.6457214,0.0009866252,2.95629,0.006675836,0,00,000
0.6517029,0.001290499,3.034762,0.007853902,0,00,000
0.6576843,0.001661847,3.114913,0.009031957,0,00,000
0.6637878,0.00209963,3.195499,0.009817321,0,00,000
0.6699677,0.002623244,3.278239,0.01099535,0,00,000
0.6761932,0.003238889,3.362455,0.01217337,0,00,000
0.6819458,0.003954746,3.447569,0.01374404,0,00,000
0.6881714,0.004711322,3.52666,0.01570732,0,00,000
0.6941681,0.005650153,3.612647,0.0172779,0,00,000
0.6999207,0.00666435,3.695866,0.01767054,0,00,000
0.7059784,0.007730878,3.775849,0.01767054,0,00,000
0.7123108,0.008954765,3.860379,0.01767054,0,00,000
0.7181549,0.01034469,3.949179,0.01806318,0,00,000
0.7241821,0.01171644,4.031448,0.01806318,0,00,000
0.7302704,0.01322086,4.116576,0.01806318,0,00,000
0.7362976,0.01482398,4.202653,0.01806318,0,00,000
0.7422638,0.01649338,4.288192,0.01806318,0,00,000
0.7483673,0.01822021,4.373043,0.01806318,0,00,000
0.7545929,0.02006114,4.46004,0.01806318,0,00,000
0.7604523,0.02201504,4.549085,0.01806318,0,00,000
0.76651,0.02391789,4.633136,0.01806318,0,00,000
0.772583,0.0259487,4.720212,0.01806318,0,00,000
0.778595,0.02804461,4.807649,0.01806318,0,00,000
0.784668,0.03017782,4.894437,0.01806318,0,00,000
0.7907715,0.03238754,4.982256,0.01806318,0,00,000
0.7968903,0.03466155,5.070678,0.01806318,0,00,000
0.802887,0.03699201,5.159473,0.01806318,0,00,000
0.8089294,0.0393226,5.246646,0.01806318,0,00,000
0.8153229,0.04171736,5.334674,0.01806318,0,00,000
0.8211365,0.04429804,5.427922,0.01806318,0,00,000
0.8272095,0.04668083,5.51278,0.01806318,0,00,000
0.8332367,0.04920711,5.601479,0.01806318,0,00,000
0.8393097,0.05175038,5.689603,0.01806318,0,00,000
0.8453217,0.05434696,5.778461,0.01806318,0,00,000
0.8513031,0.05695109,5.866552,0.01806318,0,00,000
0.8573761,0.05957778,5.954449,0.01806318,0,00,000
0.8634033,0.06227406,6.043747,0.01806318,0,00,000
0.8695221,0.06497866,6.132462,0.01806318,0,00,000
0.8755493,0.06775114,6.222569,0.01806318,0,00,000
0.8815765,0.0705097,6.311461,0.01806318,0,00,000
0.8876648,0.07329295,6.40043,0.01806318,0,00,000
0.893692,0.07612561,6.490288,0.01806318,0,00,000
0.9001312,0.0789552,6.579409,0.01806318,0,00,000
0.9060364,0.0819923,6.674501,0.01767054,0,00,000
0.9120178,0.08479436,6.761788,0.01767054,0,00,000
0.9181824,0.08764382,6.850222,0.0172779,0,00,000
0.9242249,0.09059448,6.941464,0.0172779,0,00,000
0.930191,0.09349411,7.030933,0.01688526,0,00,000
0.9363556,0.09636617,7.11937,0.01688526,0,00,000
0.9423828,0.09933855,7.210823,0.01649262,0,00,000
0.9484558,0.1022454,7.300194,0.01649262,0,00,000
0.9545135,0.1051799,7.390348,0.01649262,0,00,000
0.9606628,0.108109,7.480279,0.01649262,0,00,000
0.9667816,0.1110904,7.571754,0.01649262,0,00,000
0.9727325,0.1140528,7.662699,0.01609997,0,00,000
0.9785309,0.1169368,7.751286,0.01609997,0,00,000
0.9857483,0.1197439,7.837552,0.01609997,0,00,000
0.9912567,0.1232336,7.945006,0.01570732,0,00,000
0.9969177,0.1258908,8.026946,0.01570732,0,00,000
1.003464,0.1286178,8.11125,0.01531467,0,00,000
1.009277,0.1317668,8.208871,0.01531467,0,00,000
1.015411,0.1345519,8.295513,0.01492202,0,00,000
1.021255,0.1374843,8.387058,0.01492202,0,00,000
1.027618,0.140267,8.474312,0.01452936,0,00,000
1.033722,0.143284,8.569344,0.01452936,0,00,000
1.03949,0.1461629,8.660513,0.0141367,0,00,000
1.046005,0.1488712,8.746696,0.0141367,0,00,000
1.051712,0.1519046,8.843859,0.01374404,0,00,000
1.057755,0.1545498,8.929058,0.01374404,0,00,000
1.063766,0.1573389,9.01939,0.01374404,0,00,000
1.069611,0.1600954,9.109141,0.01374404,0,00,000
1.075806,0.1627639,9.196454,0.01374404,0,00,000
1.082001,0.1655791,9.289031,0.01374404,0,00,000
1.088089,0.1683798,9.381572,0.01374404,0,00,000
1.093704,0.1711205,9.472534,0.01374404,0,00,000
1.105942,0.1763953,9.648681,0.01374404,0,00,000
1.111847,0.1790998,9.739528,0.01374404,0,00,000
1.118225,0.1817177,9.827785,0.01374404,0,00,000
1.124252,0.1845391,9.92326,0.01374404,0,00,000
1.130554,0.1871976,10.01353,0.01374404,0,00,000
1.136307,0.1899659,10.10784,0.01374404,0,00,000
1.142624,0.1924843,10.19388,0.01374404,0,00,000
1.148575,0.1952428,10.28842,0.01374404,0,00,000
1.154678,0.1978299,10.37745,0.01335138,0,00,000
1.160568,0.2004732,10.46877,0.01335138,0,00,000
1.166672,0.2030135,10.55686,0.01335138,0,00,000
1.172516,0.2056423,10.64834,0.01335138,0,00,000
1.178802,0.2081497,10.73589,0.01335138,0,00,000
1.184753,0.2108368,10.83003,0.01335138,0,00,000
1.190826,0.2133694,10.91903,0.01335138,0,00,000
1.197052,0.2159508,11.01001,0.01335138,0,00,000
1.202866,0.2185883,11.10325,0.01335138,0,00,000
1.208878,0.2210435,11.19027,0.01335138,0,00,000
1.215195,0.2235759,11.28025,0.01335138,0,00,000
1.221054,0.2262332,11.37492,0.01335138,0,00,000
1.227173,0.2286891,11.46261,0.01335138,0,00,000
1.233078,0.2312504,11.55428,0.01335138,0,00,000
1.239197,0.2337143,11.64264,0.01335138,0,00,000
1.245377,0.2362671,11.73438,0.01335138,0,00,000
1.251312,0.2388396,11.82701,0.01335138,0,00,000
1.257462,0.2413032,11.91588,0.01335138,0,00,000
1.263412,0.2438556,12.00812,0.01335138,0,00,000
1.269653,0.2463158,12.09718,0.01335138,0,00,000
1.275787,0.2488952,12.1907,0.01335138,0,00,000
1.281555,0.2514243,12.28254,0.01335138,0,00,000
1.288101,0.2538038,12.36908,0.01335138,0,00,000
1.294022,0.2564905,12.46707,0.01295871,0,00,000
1.300079,0.2589167,12.5558,0.01295871,0,00,000
1.306046,0.2613915,12.64652,0.01295871,0,00,000
1.312012,0.2638197,12.73588,0.01256604,0,00,000
1.317856,0.2662416,12.82532,0.01256604,0,00,000
1.324371,0.2686053,12.91291,0.01256604,0,00,000
1.330078,0.2712339,13.01067,0.01256604,0,00,000
1.336319,0.2735288,13.09626,0.01256604,0,00,000
1.342072,0.2760274,13.18975,0.01256604,0,00,000
1.348114,0.2783249,13.27595,0.01256604,0,00,000
1.354263,0.2807344,13.3666,0.01256604,0,00,000
1.360626,0.2831786,13.4588,0.01256604,0,00,000
1.366684,0.2859443,13.56388,0.01256604,0,00,000
1.372375,0.2887698,13.67223,0.01217338,0,00,000
1.378693,0.2915879,13.78106,0.01217338,0,00,000
1.384689,0.2948988,13.91021,0.0117807,0,00,000
1.390717,0.2981988,14.03999,0.0117807,0,00,000
1.396866,0.3016488,14.17702,0.01138803,0,00,000
1.402756,0.3053046,14.32352,0.01138803,0,00,000
1.408951,0.30893,14.4699,0.01138803,0,00,000
1.415115,0.3128705,14.6301,0.01138803,0,00,000
1.420975,0.3168912,14.79501,0.01099536,0,00,000
1.42691,0.3208072,14.95684,0.01099536,0,00,000
1.433258,0.3248706,15.12591,0.01099536,0,00,000
1.439163,0.3293055,15.31167,0.01099536,0,00,000
1.445236,0.333519,15.48914,0.01099536,0,00,000
1.451157,0.3379268,15.67578,0.01099536,0,00,000
1.457184,0.3422997,15.8618,0.01099536,0,00,000
1.46347,0.3468219,16.05501,0.01099536,0,00,000
1.46936,0.3516138,16.2606,0.01099536,0,00,000
1.47554,0.3561767,16.45707,0.01099536,0,00,000
1.481491,0.3610265,16.66663,0.01099536,0,00,000
1.487503,0.365748,16.87127,0.01099536,0,00,000
1.4935,0.3705795,17.08129,0.01099536,0,00,000
1.499649,0.3754546,17.29377,0.01099536,0,00,000
1.505814,0.3805076,17.51456,0.01099536,0,00,000
1.51178,0.3856173,17.73837,0.01099536,0,00,000
1.517822,0.3906143,17.95771,0.01099536,0,00,000
1.524063,0.3957198,18.18227,0.01099536,0,00,000
1.529953,0.4010295,18.41627,0.01099536,0,00,000
1.53595,0.4060797,18.63921,0.01099536,0,00,000
1.542084,0.4112577,18.86817,0.01099536,0,00,000
1.548172,0.4165916,19.10439,0.01099536,0,00,000
1.554276,0.4219334,19.34131,0.01099536,0,00,000
1.56076,0.4273145,19.5803,0.01099536,0,00,000
1.56636,0.4330699,19.83627,0.01099536,0,00,000
1.57312,0.4380714,20.05895,0.01099536,0,00,000
1.578705,0.4440832,20.32925,0.009424642,0,00,000
1.585068,0.448992,20.55365,0.007461217,0,00,000
1.590988,0.4544483,20.81138,0.004712375,0,00,000
1.597107,0.459314,21.05245,0.001178101,0,00,000
1.603226,0.4640619,21.30274,-0.001178094,0,00,000
1.609192,0.46848,21.55413,-0.003534281,0,00,000
1.615341,0.4724341,21.80055,-0.00589045,0,00,000
1.621246,0.4760751,22.05578,-0.00863927,0,00,000
1.62709,0.479144,22.30136,-0.01021,0,00,000
1.633194,0.4817913,22.54558,-0.01021,0,00,000
1.639297,0.4841464,22.80149,-0.01021,0,00,000
1.645187,0.4861117,23.05808,-0.01021,0,00,000
1.651169,0.4876654,23.30667,-0.01021,0,00,000
1.657181,0.4889062,23.56023,-0.01021,0,00,000
1.663879,0.4898263,23.81546,-0.01021,0,00,000
1.669388,0.4904674,24.10077,-0.01021,0,00,000
1.675476,0.4907487,24.33588,-0.01021,0,00,000
1.681366,0.4907719,24.597,-0.01021,0,00,000
1.687469,0.4905381,24.84998,-0.01021,0,00,000
1.693436,0.4900343,25.11253,-0.01021,0,00,000
1.699539,0.4893033,25.36991,-0.01021,0,00,000
1.705551,0.4883171,25.63397,-0.01021,0,00,000
1.711685,0.4871261,25.89461,-0.01021,0,00,000
1.717728,0.4856963,26.16061,-0.01021,0,00,000
1.723785,0.4840884,26.423,-0.01021,0,00,000
1.729843,0.4822837,26.68671,-0.01021,0,00,000
1.735855,0.4802988,26.9506,-0.01021,0,00,000
1.742004,0.4781543,27.21337,-0.01021,0,00,000
1.74791,0.4757908,27.4825,-0.01021,0,00,000
1.753967,0.4733716,27.74133,-0.01021,0,00,000
1.760025,0.4707388,28.0073,-0.01021,0,00,000
1.766174,0.4679652,28.27346,-0.01021,0,00,000
1.772232,0.4650137,28.54363,-0.01021,0,00,000
1.778214,0.4619777,28.81008,-0.01021,0,00,000
1.784454,0.4588592,29.07356,-0.01021,0,00,000
1.790451,0.4554787,29.349,-0.01021,0,00,000
1.796417,0.452125,29.61367,-0.01021,0,00,000
1.802628,0.448687,29.87716,-0.01021,0,00,000
1.808792,0.4450034,30.15164,-0.01021,0,00,000
1.814575,0.4412487,30.4243,-0.01021,0,00,000
1.820633,0.4376386,30.68063,-0.01021,0,00,000
1.82666,0.4337712,30.94929,-0.01021,0,00,000
1.832748,0.4298423,31.21674,-0.01021,0,00,000
1.83905,0.4257933,31.48715,-0.01021,0,00,000
1.844864,0.4215231,31.76714,-0.01021,0,00,000
1.850983,0.4175196,32.02551,-0.01021,0,00,000
1.856964,0.413235,32.29774,-0.01021,0,00,000
1.863022,0.4089819,32.56413,-0.01021,0,00,000
1.869446,0.4046192,32.8337,-0.01021,0,00,000
1.875336,0.3999219,33.12005,-0.01021,0,00,000
1.881226,0.3955676,33.38244,-0.01021,0,00,000
1.887299,0.3911561,33.64539,-0.01021,0,00,000
1.893265,0.3865628,33.91628,-0.01021,0,00,000
1.899643,0.3820066,34.18237,-0.01021,0,00,000
1.905411,0.3770803,34.46725,-0.01021,0,00,000
1.911728,0.3725896,34.72478,-0.01021,0,00,000
1.917679,0.3676613,35.00689,-0.009031954,0,00,000
1.923645,0.3630317,35.27318,-0.007853899,0,00,000
1.929932,0.3584695,35.53972,-0.00589045,0,00,000
1.936172,0.3537751,35.82104,-0.004319674,0,00,000
1.941833,0.3492756,36.10007,-0.002748888,0,00,000
1.948166,0.3453426,36.35324,-0.001570793,0,00,000
1.954041,0.3411616,36.63683,2.305515E-09,0,00,000
1.960236,0.3375103,36.89953,0.001570798,0,00,000
1.966156,0.3339439,37.17695,0.003534287,0,00,000
1.972229,0.3308354,37.44217,0.005497762,0,00,000
1.978241,0.3279869,37.71455,0.007068527,0,00,000
1.984238,0.3255426,37.98371,0.009031959,0,00,000
1.991394,0.3235038,38.2525,0.01099536,0,00,000
1.996384,0.3216866,38.57365,0.01295871,0,00,000
2.002396,0.3207328,38.79705,0.01452936,0,00,000
2.008545,0.320056,39.06692,0.01609997,0,00,000
2.014496,0.3198902,39.34277,0.01806318,0,00,000
2.02121,0.3202483,39.60984,0.02002632,0,00,000
2.026825,0.3213554,39.9108,0.02238198,0,00,000
2.032669,0.322785,40.16287,0.02395236,0,00,000
2.039383,0.3248427,40.42539,0.02591524,0,00,000
2.044937,0.3280103,40.72691,0.02866311,0,00,000
2.050934,0.3311967,40.97587,0.03101826,0,00,000
2.057419,0.3353473,41.24486,0.0337657,0,00,000
2.063126,0.3407142,41.53609,0.0365129,0,00,000
2.069061,0.3461401,41.79189,0.03965221,0,00,000
2.075302,0.3526095,42.05835,0.04279114,0,00,000
2.081207,0.3603511,42.33822,0.04592963,0,00,000
2.087296,0.3685676,42.60325,0.04906768,0,00,000
2.093307,0.3780139,42.87662,0.05181308,0,00,000
2.099335,0.3882805,43.14599,0.05416596,0,00,000
2.106201,0.3995788,43.41663,0.05651854,0,00,000
2.111435,0.4137279,43.72461,0.05887081,0,00,000
2.117508,0.4252381,43.95922,0.06004682,0,00,000
2.123581,0.4395691,44.23142,0.06122275,0,00,000
2.129623,0.4548673,44.50391,0.06200666,0,00,000
2.135727,0.4709823,44.77448,0.06318244,0,00,000
2.141663,0.4881999,45.0481,0.06396626,0,00,000
2.147858,0.5057463,45.31366,0.06435815,0,00,000
2.153885,0.5249531,45.59103,0.06475002,0,00,000
2.160019,0.5444266,45.86069,0.06514189,0,00,000
2.166229,0.5650532,46.13508,0.06592561,0,00,000
2.172211,0.5867558,46.4131,0.06631745,0,00,000
2.178284,0.608379,46.68089,0.06670928,0,00,000
2.184189,0.631039,46.95254,0.06749291,0,00,000
2.190323,0.6537641,47.21701,0.06788471,0,00,000
2.196426,0.6780641,47.4916,0.06866826,0,00,000
2.202332,0.7029175,47.76473,0.06945179,0,00,000
2.208389,0.7275468,48.0286,0.06984354,0,00,000
2.214386,0.7534804,48.29958,0.070627,0,00,000
2.220474,0.779757,48.56768,0.07141041,0,00,000
2.227112,0.8070432,48.83968,0.07219378,0,00,000
2.232651,0.8375484,49.13644,0.0729771,0,00,000
2.238678,0.8634687,49.38381,0.07336874,0,00,000
2.24472,0.8922307,49.65277,0.07415201,0,00,000
2.250748,0.9216878,49.92286,0.07493522,0,00,000
2.257004,0.9515902,50.19185,0.07571839,0,00,000
2.263016,0.9832365,50.47121,0.07610995,0,00,000
2.268936,1.014172,50.73963,0.0765015,0,00,000
2.275162,1.045089,51.00359,0.07689305,0,00,000
2.281311,1.078182,51.28154,0.07728458,0,00,000
2.287506,1.111356,51.55591,0.0776761,0,00,000
2.29332,1.145266,51.83231,0.0776761,0,00,000
2.299393,1.177454,52.09134,0.0776761,0,00,000
2.305817,1.211516,52.36203,0.0776761,0,00,000
2.311615,1.24806,52.64873,0.07806761,0,00,000
2.317551,1.281329,52.90691,0.07806761,0,00,000
2.323441,1.315796,53.1716,0.07806761,0,00,000
2.329468,1.350281,53.43384,0.07806761,0,00,000
2.335861,1.385907,53.7022,0.07806761,0,00,000
2.341644,1.424054,53.98683,0.07806761,0,00,000
2.348633,1.458876,54.24456,0.07806761,0,00,000
2.354019,1.501326,54.55586,0.07806761,0,00,000
2.359909,1.534297,54.79604,0.07806761,0,00,000
2.366043,1.570515,55.05805,0.07806761,0,00,000
2.371918,1.608556,55.33138,0.07806761,0,00,000
2.378006,1.645156,55.59272,0.07806761,0,00,000
2.383972,1.683328,55.86365,0.07806761,0,00,000
2.390121,1.72094,56.12911,0.07806761,0,00,000
2.39624,1.759943,56.40287,0.07806761,0,00,000
2.402222,1.79893,56.67511,0.07806761,0,00,000
2.408249,1.837241,56.94135,0.07806761,0,00,000
2.414261,1.876033,57.20971,0.07806761,0,00,000
2.420303,1.914904,57.47745,0.07806761,0,00,000
2.426575,1.954093,57.74628,0.07806761,0,00,000
2.432541,1.994965,58.02551,0.07806761,0,00,000
2.438629,2.033956,58.29093,0.07806761,0,00,000
2.444687,2.073915,58.56197,0.07806761,0,00,000
2.450668,2.113749,58.83128,0.07806761,0,00,000
2.45694,2.153239,59.09742,0.07806761,0,00,000
2.46315,2.194727,59.37617,0.07806761,0,00,000
2.469086,2.235962,59.65241,0.07806761,0,00,000
2.475327,2.275496,59.91656,0.07806761,0,00,000
2.481415,2.317207,60.19437,0.07885059,0,00,000
2.487274,2.35803,60.46532,0.07963352,0,00,000
2.493591,2.397416,60.72573,0.08080782,0,00,000
2.499298,2.440143,61.00695,0.08159062,0,00,000
2.505539,2.478923,61.26096,0.08315608,0,00,000
2.511307,2.521592,61.53876,0.08472133,0,00,000
2.517441,2.561237,61.79526,0.08628637,0,00,000
2.52475,2.599847,62.06812,0.08746002,0,00,000
2.529648,2.599983,62.39268,0.08980694,0,00,000
2.535782,2.599993,62.61042,0.09137128,0,00,000
2.541718,2.599983,62.88267,0.09332638,0,00,000
2.547745,2.599989,63.14604,0.09567204,0,00,000
2.55426,2.599994,63.41342,0.09840796,0,00,000
2.560211,2.599,63.41342,0.1015338,0,00,000
2.566025,2.599989,63.67731,0.1050492,0,00,000
2.572174,2.599,63.67731,0.1089536,0,00,000
2.577988,2.599973,63.94974,0.1132466,0,00,000
2.584259,2.599988,64.20724,0.1179274,0,00,000
2.59024,2.599,64.20724,0.123385,0,00,000
2.596207,2.599979,64.47165,0.1292283,0,00,000
2.602356,2.599988,64.73542,0.1358453,0,00,000
2.608261,2.599996,65.00695,0.1432336,0,00,000
2.614563,2.599,65.00695,0.1513902,0,00,000
2.62056,2.599946,65.28437,0.1599243,0,00,000
2.62648,2.599983,65.54781,0.1688335,0,00,000
2.633743,2.599983,65.80772,0.1781153,0,00,000
2.63855,2.599981,66.12497,0.1893097,0,00,000
2.644775,2.599984,66.335,0.1970157,0,00,000
2.650681,2.599982,66.60583,0.2062469,0,00,000
2.656815,2.599984,66.86183,0.2154597,0,00,000
2.663528,2.599984,67.12678,0.2254187,0,00,000
2.669266,2.599982,67.41562,0.2368805,0,00,000
2.675064,2.599981,67.65475,0.2479291,0,00,000
2.681061,2.599991,67.88857,0.259704,0,00,000
2.687164,2.599989,68.12261,0.2718184,0,00,000
2.693222,2.599989,68.35301,0.2850193,0,00,000
2.699234,2.599988,68.57419,0.2981663,0,00,000
2.705353,2.599989,68.78664,0.3108838,0,00,000
2.711411,2.599989,68.99562,0.3235459,0,00,000
2.717422,2.599,68.99562,0.3357804,0,00,000
2.72348,2.601826,69.18839,0.3472221,0,00,000
2.729507,2.607486,69.37659,0.3578791,0,00,000
2.735611,2.615813,69.55774,0.3673942,0,00,000
2.741745,2.626935,69.73534,0.3754156,0,00,000
2.747803,2.640776,69.90861,0.3819578,0,00,000
2.753922,2.656929,70.07447,0.387395,0,00,000
2.759949,2.675683,70.23682,0.3924576,0,00,000
2.766037,2.696412,70.39191,0.3953452,0,00,000
2.772064,2.719574,70.54399,0.3975084,0,00,000
2.778046,2.744597,70.6903,0.3996693,0,00,000
2.784134,2.771402,70.8315,0.400749,0,00,000
2.79039,2.80066,70.97137,0.4018281,0,00,000
2.796158,2.832631,71.11085,0.4029066,0,00,000
2.802383,2.863726,71.23633,0.4036253,0,00,000
2.808456,2.899017,71.368,0.4043438,0,00,000
2.814453,2.935043,71.49316,0.405421,0,00,000
2.82045,2.972111,71.61372,0.4064976,0,00,000
2.826523,3.010627,71.73144,0.4072151,0,00,000
2.832733,3.051093,71.84797,0.4079323,0,00,000
2.838593,3.093776,71.96405,0.4086492,0,00,000
2.844772,3.135294,72.07132,0.4097242,0,00,000
2.850754,3.18037,72.18195,0.4104405,0,00,000
2.856781,3.225109,72.28669,0.4115145,0,00,000
2.863144,3.271237,72.3899,0.4122302,0,00,000
2.869095,3.321127,72.49657,0.4125879,0,00,000
2.875137,3.368806,72.59446,0.4136608,0,00,000
2.881134,3.418151,72.69186,0.4143757,0,00,000
2.887146,3.468046,72.78674,0.4154476,0,00,000
2.893219,3.51899,72.8802,0.416519,0,00,000
2.899185,3.571306,72.97289,0.4175897,0,00,000
2.905579,3.62349,73.06236,0.4186599,0,00,000
2.911514,3.680295,73.15652,0.4197295,0,00,000
2.917419,3.733667,73.24238,0.4207985,0.1,00,000
2.924179,3.787477,73.32649,0.4218669,0.1,00,000
2.929535,3.849934,73.42107,0.4229347,0.1,00,000
2.935791,3.899988,73.49508,0.424002,0.1,00,000
2.941727,3.9592,73.58025,0.4257794,0.1,00,000
2.947693,4.01599,73.65993,0.4275552,0.1,00,000
2.953705,4.073557,73.73874,0.429684,0.1,00,000
2.959793,4.132164,73.81705,0.4332267,0.1,00,000
2.965866,4.192151,73.89527,0.4374691,0.1,00,000
2.972076,4.252584,73.97218,0.4427584,0.1,00,000
2.978119,4.315043,74.04971,0.4497868,0.1,00,000
2.984192,4.376369,74.12395,0.4564382,0.1,00,000
2.990158,4.438759,74.19762,0.4637602,0.1,00,000
2.996231,4.500698,74.26891,0.4717432,0.1,00,000
3.002197,4.564428,74.34036,0.4800323,0.1,00,000
3.00827,4.627675,74.40942,0.4882788,0.1,00,000
3.014389,4.692684,74.47849,0.4968227,0.1,00,000
3.020599,4.758978,74.54694,0.5056576,0.1,00,000
3.026764,4.826872,74.615,0.5147764,0.1,00,000
3.032593,4.895129,74.6814,0.5241719,0.1,00,000
3.038681,4.960312,74.74297,0.533504,0.1,00,000
3.044632,5.029203,74.80605,0.543431,0.1,00,000
3.050674,5.097201,74.86636,0.5532827,0.1,00,000
3.056717,5.167015,74.92625,0.5633821,0.1,00,000
3.062866,5.237526,74.98471,0.5740412,0.1,00,000
3.069046,5.30999,75.04265,0.585241,0.1,00,000
3.075684,5.383652,75.09933,0.5985346,0.1,00,000
3.081223,5.463615,75.15829,0.6097996,0.1,00,000
3.087158,5.530948,75.20615,0.6209428,0.1,00,000
3.09317,5.603922,75.25591,0.6319619,0.1,00,000
3.099625,5.678461,75.3046,0.6419518,0.1,00,000
3.105743,5.759359,75.35498,0.6512381,0.1,00,000
3.111649,5.83673,75.40097,0.6595428,0.1,00,000
3.117584,5.912048,75.44373,0.6665977,0.1,00,000
3.123642,5.988319,75.48505,0.6727222,0.1,00,000
3.129623,6.06683,75.52557,0.6776466,0.1,00,000
3.135712,6.144939,75.56397,0.681392,0.1,00,000
3.141891,6.225041,75.60147,0.6834013,0.1,00,000
3.147675,6.306816,75.6379,0.6839745,0.1,00,000
3.153793,6.383901,75.67072,0.6839745,0.1,00,000
3.159805,6.46583,75.70397,0.6839745,0.1,00,000
3.166092,6.54675,75.73535,0.6839745,0.1,00,000
3.172302,6.631842,75.76682,0.683688,0.1,00,000
3.17836,6.716433,75.79671,0.6825408,0.1,00,000
3.184158,6.799305,75.82477,0.681392,0.1,00,000
3.190186,6.87904,75.85069,0.6799535,0.1,00,000
3.19664,6.96233,75.8767,0.6788009,0.1,00,000
3.202347,7.051703,75.90347,0.6776466,0.1,00,000
3.20842,7.131108,75.92641,0.6767797,0.1,00,000
3.21434,7.215889,75.95001,0.675912,0.1,00,000
3.220459,7.298812,75.9723,0.6756226,0.1,00,000
3.226563,7.384835,75.99461,0.675333,0.1,00,000
3.23291,7.470941,76.01618,0.6750433,0.1,00,000
3.238785,7.570421,76.03876,0.6750433,0.1,00,000
3.244812,7.670545,76.05978,0.6750433,0.1,00,000
3.250793,7.781269,76.08146,0.6750433,0.1,00,000
3.256775,7.898645,76.10306,0.6750433,0.1,00,000
3.262863,8.02335,76.12479,0.6750433,0.1,00,000
3.268997,8.157471,76.14703,0.6750433,0.1,00,000
3.274963,8.299185,76.16949,0.6750433,0.1,00,000
3.280991,8.443486,76.19147,0.6750433,0.1,00,000
3.287003,8.595142,76.21376,0.6750433,0.1,00,000
3.293198,8.75208,76.23606,0.6750433,0.1,00,000
3.299316,8.919647,76.25915,0.6750433,0.1,00,000
3.305344,9.090395,76.28201,0.6750433,0.1,00,000
3.311249,9.26335,76.30459,0.6750433,0.1,00,000
3.317642,9.437415,76.32679,0.6750433,0.1,00,000
3.323364,9.630877,76.35091,0.6750433,0.1,00,000
3.329498,9.807641,76.37251,0.6750433,0.1,00,000
3.335571,10.00174,76.3958,0.6750433,0.1,00,000
3.341888,10.1974,76.41886,0.6750433,0.1,00,000
3.347702,10.40526,76.44295,0.6750433,0.1,00,000
3.353683,10.59972,76.46516,0.6750433,0.1,00,000
3.360046,10.80287,76.48803,0.6750433,0.1,00,000
3.365845,11.02282,76.51245,0.6750433,0.1,00,000
3.372391,11.22599,76.53475,0.6750433,0.1,00,000
3.378281,11.45882,76.55997,0.675333,0.1,00,000
3.384201,11.67045,76.58264,0.675333,0.1,00,000
3.390259,11.88594,76.60549,0.675333,0.1,00,000
3.396301,12.1087,76.62888,0.675333,0.1,00,000
3.402405,12.33341,76.65222,0.675912,0.1,00,000
3.408676,12.56269,76.6758,0.6762013,0.1,00,000
3.41452,12.80063,76.70002,0.6764906,0.1,00,000
3.420654,13.02428,76.72255,0.6773577,0.1,00,000
3.426666,13.26081,76.74612,0.6779353,0.1,00,000
3.432846,13.49455,76.76914,0.6785125,0.1,00,000
3.438797,13.73634,76.79266,0.6793774,0.1,00,000
3.444809,13.97089,76.8152,0.6802414,0.1,00,000
3.451797,14.20962,76.83781,0.681392,0.1,00,000
3.457336,14.48882,76.86381,0.6825408,0.1,00,000
3.463333,14.71164,76.88423,0.6839745,0.1,00,000
3.470901,14.95404,76.90606,0.6854056,0.1,00,000
3.475723,15.26235,76.93311,0.6871193,0.1,00,000
3.482376,15.45972,76.95013,0.6882597,0.1,00,000
3.488052,15.73311,76.97311,0.6896829,0.1,00,000
3.494675,15.9674,76.99236,0.6908194,0.1,00,000
3.500946,16.24222,77.01432,0.6916707,0.1,00,000
3.506439,16.5033,77.03463,0.6925211,0.1,00,000
3.512573,16.73283,77.05208,0.6928043,0.1,00,000
3.5186,16.99022,77.07114,0.6933705,0.1,00,000
3.523819,17.24357,77.08942,0.6936535,0.1,00,000
3.531448,17.4641,77.105,0.6936535,0.1,00,000
3.536316,17.78762,77.12713,0.694219,0.1,00,000
3.542297,17.99412,77.14098,0.6945016,0.1,00,000
3.548676,18.24902,77.15765,0.694784,0.1,00,000
3.554993,18.52147,77.175,0.6950665,0.1,00,000
3.561279,18.79186,77.19178,0.6953487,0.1,00,000
3.567337,19.06196,77.20812,0.6956309,0.1,00,000
3.57338,19.3229,77.22353,0.695913,0.1,00,000
3.579208,19.58385,77.23856,0.6961949,0.1,00,000
3.585251,19.83567,77.25272,0.6964768,0.1,00,000
3.591217,20.09762,77.2671,0.6967585,0.1,00,000
3.597549,20.35658,77.28097,0.6970401,0.1,00,000
3.603699,20.6319,77.29533,0.6973217,0.1,00,000
3.609894,20.89968,77.30897,0.697603,0.1,00,000
3.615219,21.17001,77.32237,0.6981655,0.1,00,000
3.621185,21.40225,77.33363,0.6987276,0.1,00,000
3.627274,21.66349,77.34594,0.6992893,0.1,00,000
3.633972,21.93005,77.35814,0.7001309,0.1,00,000
3.639633,22.22363,77.3711,0.7012516,0.1,00,000
3.645462,22.47202,77.38171,0.7023706,0.1,00,000
3.651398,22.72835,77.39226,0.7037669,0.1,00,000
3.65773,22.98934,77.40255,0.7051604,0.1,00,000
3.664337,23.26828,77.41297,0.7071069,0.1,00,000
3.669769,23.56,77.42319,0.7093248,0.1,00,000
3.676178,23.79994,77.43111,0.7107075,0.1,00,000
3.68219,24.08327,77.43975,0.7123631,0.1,00,000
3.68837,24.3489,77.44721,0.7137397,0.1,00,000
3.69342,24.6223,77.45419,0.715388,0.1,00,000
3.700424,24.84633,77.45942,0.7164847,0.1,00,000
3.705627,25.15697,77.46571,0.7181264,0.1,00,000
3.711777,25.38778,77.46985,0.7189457,0.1,00,000
3.717865,25.66047,77.47396,0.7211258,0.1,00,000
3.72406,25.93076,77.47726,0.7222131,0.1,00,000
3.729874,26.20588,77.47984,0.7224847,0.1,00,000
3.736267,26.46426,77.48161,0.7224847,0.1,00,000
3.741898,26.74858,77.48283,0.7224847,0.1,00,000
3.748932,26.99904,77.48334,0.7224847,0.1,00,000
3.75412,27.31253,77.48316,0.7224847,0.1,00,000
3.759949,27.54402,77.4826,0.7224847,0.1,00,000
3.7659,27.80417,77.48148,0.7224847,0.1,00,000
3.772018,28.06971,77.47982,0.7224847,0.1,00,000
3.778229,28.34279,77.4776,0.7224847,0.1,00,000
3.784119,28.61998,77.47485,0.7224847,0.1,00,000
3.790024,28.88287,77.47182,0.7224847,0.1,00,000
3.796082,29.14629,77.46838,0.7224847,0.1,00,000
3.802124,29.41685,77.46443,0.7224847,0.1,00,000
3.80867,29.68676,77.46011,0.7224847,0.1,00,000
3.814606,29.97905,77.455,0.7224847,0.1,00,000
3.820267,30.24463,77.45002,0.7224847,0.1,00,000
3.826385,30.49754,77.44498,0.7224847,0.1,00,000
3.832382,30.77126,77.43922,0.7224847,0.1,00,000
3.838699,31.0394,77.43327,0.7224847,0.1,00,000
3.844833,31.32247,77.42667,0.7224847,0.1,00,000
3.850586,31.59715,77.41999,0.7224847,0.1,00,000
3.856827,31.85454,77.4135,0.7224847,0.1,00,000
3.862671,32.13424,77.40617,0.7224847,0.1,00,000
3.86937,32.39625,77.3991,0.7224847,0.1,00,000
3.875229,32.69649,77.39072,0.7224847,0.1,00,000
3.88089,32.9591,77.38319,0.7224847,0.1,00,000
3.887207,33.21298,77.37572,0.7224847,0.1,00,000
3.893051,33.49602,77.3672,0.7224847,0.1,00,000
3.899109,33.75796,77.35914,0.7224847,0.1,00,000
3.905823,34.02972,77.3506,0.7224847,0.1,00,000
3.911392,34.33051,77.34095,0.7224847,0.1,00,000
3.917297,34.58013,77.33281,0.7224847,0.1,00,000
3.923264,34.84491,77.32403,0.7224847,0.1,00,000
3.929626,35.11265,77.31501,0.7224847,0.1,00,000
3.93576,35.39819,77.30524,0.7224847,0.1,00,000
3.941742,35.67342,77.29569,0.7224847,0.1,00,000
3.94783,35.94184,77.28625,0.7224847,0.1,00,000
3.953995,36.21488,77.27654,0.7224847,0.1,00,000
3.959854,36.49182,77.26658,0.7224847,0.1,00,000
3.966415,36.75513,77.257,0.7224847,0.1,00,000
3.97197,37.04962,77.24618,0.7224847,0.1,00,000
3.978302,37.29912,77.23692,0.7224847,0.1,00,000
3.983841,37.58331,77.22628,0.7224847,0.1,00,000
3.990082,37.83224,77.21689,0.7224847,0.1,00,000
3.996277,38.11252,77.20622,0.7224847,0.1,00,000
4.002853,38.39073,77.19556,0.7224847,0.1,00,000
4.008224,38.68599,77.18415,0.7224847,0.1,00,000
4.014297,38.92722,77.17477,0.7224847,0.1,00,000
4.020309,39.20015,77.16409,0.7224847,0.1,00,000
4.026199,39.47009,77.15347,0.7224847,0.1,00,000
4.032318,39.73442,77.14301,0.7224847,0.1,00,000
4.03833,40.0095,77.13206,0.7224847,0.1,00,000
4.044601,40.27964,77.12126,0.7224847,0.1,00,000
4.05043,40.56156,77.10992,0.7224847,0.1,00,000
4.056503,40.82354,77.09935,0.7224847,0.1,00,000
4.062576,41.09607,77.08829,0.7224847,0.1,00,000
4.068573,41.36897,77.07718,0.7224847,0.1,00,000
4.074829,41.63823,77.06618,0.7224847,0.1,00,000
4.080734,41.91914,77.05465,0.7224847,0.1,00,000
4.086777,42.18454,77.04372,0.7224847,0.1,00,000
4.092911,42.45626,77.03249,0.7224847,0.1,00,000
4.099075,42.7319,77.02107,0.7224847,0.1,00,000
4.105118,43.00864,77.00957,0.7224847,0.1,00,000
4.111008,43.27991,76.99825,0.7224847,0.1,00,000
4.116989,43.54457,76.98719,0.7224847,0.1,00,000
4.12323,43.8131,76.97594,0.7224847,0.1,00,000
4.12915,44.09367,76.96415,0.7224847,0.1,00,000
4.13649,44.35992,76.95294,0.7224847,0.1,00,000
4.141296,44.68966,76.9389,0.7246532,0.1,00,000
4.147354,44.90579,76.92953,0.7286998,0.1,00,000
4.153442,45.17829,76.91725,0.7343226,0.1,00,000
4.159653,45.45191,76.90425,0.7401596,0.1,00,000
4.166077,45.73109,76.89011,0.7448941,0.1,00,000
4.171661,46.01979,76.87447,0.7480299,0.1,00,000
4.178116,46.27066,76.86009,0.7493315,0.1,00,000
4.183914,46.56012,76.84247,0.7503708,0.1,00,000
4.19014,46.82021,76.82584,0.7503708,0.1,00,000
4.196289,47.0996,76.80709,0.7506303,0.1,00,000
4.202042,47.37534,76.78777,0.7506303,0.1,00,000
4.207993,47.6335,76.76897,0.7511489,0.1,00,000
4.214081,47.90023,76.74883,0.7514081,0.1,00,000
4.220108,48.17296,76.72749,0.7516672,0.1,00,000
4.226288,48.44323,76.70564,0.752185,0.1,00,000
4.232239,48.7201,76.68252,0.7529607,0.1,00,000
4.238235,48.98639,76.65958,0.7539935,0.1,00,000
4.244247,49.25512,76.63572,0.7552817,0.1,00,000
4.250381,49.52424,76.61108,0.7565672,0.1,00,000
4.256668,49.7988,76.58517,0.7575935,0.1,00,000
4.262604,50.08027,76.55777,0.7588736,0.1,00,000
4.268539,50.34573,76.53117,0.7601509,0.1,00,000
4.274612,50.6114,76.50378,0.7616797,0.1,00,000
4.280685,50.88302,76.47491,0.763458,0.1,00,000
4.286667,51.15462,76.44518,0.7652305,0.1,00,000
4.29274,51.42193,76.415,0.7672492,0.1,00,000
4.298965,51.69295,76.38344,0.7695111,0.1,00,000
4.305222,51.97043,76.35005,0.7717634,0.1,00,000
4.310959,52.24966,76.31532,0.7740061,0.1,00,000
4.317017,52.50509,76.28258,0.7757437,0.1,00,000
4.323227,52.77504,76.24686,0.7777224,0.1,00,000
4.329193,53.05139,76.2091,0.7796934,0.1,00,000
4.335388,53.31651,76.17175,0.7814117,0.1,00,000
4.341354,53.59186,76.1317,0.7833682,0.1,00,000
4.34729,53.85664,76.09202,0.7853171,0.1,00,000
4.353516,54.12031,76.05131,0.7872581,0.1,00,000
4.359467,54.39648,76.00732,0.7891914,0.1,00,000
4.366562,54.66031,75.96407,0.7908766,0.1,00,000
4.37204,54.97406,75.91084,0.7930346,0.1,00,000
4.377716,55.21634,75.86865,0.7947061,0.1,00,000
4.383926,55.46713,75.82384,0.7958964,0.1,00,000
4.390167,55.74143,75.77343,0.7975577,0.1,00,000
4.398071,56.01659,75.72147,0.7987406,0.1,00,000
4.40242,56.36483,75.65347,0.8001561,0.1,00,000
4.408279,56.55597,75.61551,0.8006269,0.1,00,000
4.414169,56.8139,75.56311,0.801567,0.1,00,000
4.420685,57.07291,75.50932,0.8025053,0.1,00,000
4.426331,57.35883,75.44855,0.8029736,0.1,00,000
4.433197,57.60606,75.40022,0.8032075,0.1,00,000
4.438797,57.90687,75.40002,0.8034414,0.1,00,000
4.445068,57.90687,75.40101,0.8034414,0.1,00,000
4.450577,58.18121,75.40003,0.8036752,0.1,00,000
4.45668,58.42195,75.40002,0.8036752,0.1,00,000
4.463486,58.68819,75.40002,0.8036752,0.1,00,000
4.468811,58.68819,75.40101,0.8036752,0.1,00,000
4.474991,58.92037,75.40002,0.8036752,0.1,00,000
4.480804,59.18987,75.40002,0.8036752,0.1,00,000
4.486816,59.44332,75.40002,0.8036752,0.1,00,000
4.493271,59.44332,75.40101,0.8036752,0.1,00,000
4.49942,59.72396,75.40004,0.8036752,0.1,00,000
4.505188,59.99157,75.40002,0.8036752,0.1,00,000
4.510956,59.99157,75.40101,0.8036752,0.1,00,000
4.517059,60.24221,75.40003,0.8036752,0.1,00,000
4.523804,60.50751,75.40001,0.8036752,0.1,00,000
4.529556,60.50751,75.40101,0.8039088,0.1,00,000
4.536087,60.75733,75.40002,0.8043757,0.1,00,000
4.541809,60.75733,75.40101,0.8053079,0.1,00,000
4.548004,60.82679,75.40101,0.8060058,0.1,00,000
4.554077,61.09491,75.40002,0.8069346,0.1,00,000
4.56015,61.09491,75.40101,0.8078614,0.1,00,000
4.568054,61.3574,75.40002,0.8090171,0.1,00,000
4.572205,61.3574,75.40101,0.8106298,0.1,00,000
4.578156,61.53664,75.40002,0.8113191,0.1,00,000
4.584137,61.79396,75.40002,0.8126942,0.1,00,000
4.590057,61.79396,75.40101,0.8138368,0.1,00,000
4.596725,62.04951,75.40001,0.8149762,0.1,00,000
4.603455,62.04951,75.40101,0.8161123,0.1,00,000
4.608505,62.33906,75.40002,0.8174717,0.1,00,000
4.614822,62.33906,75.40101,0.8183755,0.1,00,000
4.620682,62.61072,75.40002,0.8195022,0.1,00,000
4.626526,62.86258,75.40002,0.8208503,0.1,00,000
4.633804,62.86258,75.40101,0.8219701,0.1,00,000
4.638504,63.17437,75.40002,0.8239778,0.1,00,000
4.644714,63.37595,75.4,0.8257539,0.1,00,000
4.650955,63.64163,75.40002,0.8279625,0.1,00,000
4.658981,63.90835,75.40002,0.831033,0.1,00,000
4.662811,63.90835,75.40101,0.83516,0.1,00,000
4.668945,63.98502,75.40101,0.8366687,0.1,00,000
4.67514,64.24544,75.40001,0.840732,0.1,00,000
4.681183,64.24544,75.40101,0.8445382,0.1,00,000
4.687057,64.50137,75.40002,0.8480943,0.1,00,000
4.693192,64.74916,75.40002,0.8518184,0.1,00,000
4.69931,65.00755,75.40002,0.8561093,0.1,00,000
4.705551,65.26469,75.40002,0.8603419,0.1,00,000
4.711212,65.52588,75.40002,0.8649106,0.1,00,000
4.717529,65.76216,75.40002,0.8690204,0.1,00,000
4.724594,65.76216,75.40101,0.8736449,0.1,00,000
4.729828,66.05395,75.40002,0.8785671,0.1,00,000
4.735641,66.26941,75.40002,0.8830295,0.1,00,000
4.741547,66.50753,75.40002,0.8866882,0.1,00,000
4.74762,66.74784,75.40002,0.8913628,0.1,00,000
4.753876,66.99349,75.40003,0.89577,0.1,00,000
4.759811,67.24525,75.40003,0.9009445,0.1,00,000
4.766418,67.4825,75.40003,0.9054947,0.1,00,000
4.771881,67.7242,75.43333,0.9099432,0.1,00,000
4.77803,67.91815,75.49072,0.9138114,0.1,00,000
4.784027,68.1338,75.5485,0.9175986,0.1,00,000
4.79007,68.34304,75.59308,0.9214568,0.1,00,000
4.796234,68.55303,75.6265,0.9250772,0.1,00,000
4.803696,68.76614,75.64903,0.9284697,0.1,00,000
4.808197,69.02238,75.65987,0.9324972,0.1,00,000
4.814316,69.17606,75.66073,0.9350269,0.1,00,000
4.820419,69.38371,75.65157,0.9383272,0.1,00,000
4.828339,69.58939,75.6325,0.9412792,0.1,00,000
4.833221,69.85298,75.59163,0.9449347,0.1,00,000
4.838608,70.0146,75.56055,0.9470983,0.1,00,000
4.844955,70.19103,75.51948,0.9490961,0.1,00,000
4.850876,70.39703,75.46174,0.9516615,0.1,00,000
4.856888,70.58756,75.4,0.9538088,0.1,00,000
4.863678,70.77888,75.32964,0.9556775,0.1,00,000
4.869049,70.9922,75.24074,0.9573952,0.1,00,000
4.875412,71.15942,75.16472,0.9588569,0.1,00,000
4.881027,71.35543,75.06685,0.9601841,0.1,00,000
4.887115,71.52638,74.97487,0.9613819,0.1,00,000
4.89418,71.70979,74.86857,0.9625618,0.1,00,000
4.89949,71.91976,74.73685,0.9636188,0.1,00,000
4.90625,72.07629,74.63317,0.9643498,0.1,00,000
4.911438,72.27293,74.49422,0.9652791,0.1,00,000
4.917953,72.42259,74.38348,0.9659935,0.1,00,000
4.92514,72.60823,74.23837,0.9670015,0.1,00,000
4.929672,72.81015,74.07133,0.9681913,0.1,00,000
4.936356,72.93651,73.96323,0.9687781,0.1,00,000
4.942444,73.12038,73.79825,0.9699358,0.1,00,000
4.94812,73.28573,73.64366,0.970884,0.1,00,000
4.954666,73.43843,73.49554,0.9718172,0.1,00,000
4.960312,73.61225,73.31989,0.9728264,0.2,00,000
4.966476,73.76031,73.16516,0.9736387,0.2,00,000
4.972351,73.92016,72.99204,0.9745269,0.2,00,000
4.978607,74.07053,72.82378,0.9753134,0.2,00,000
4.985168,74.2288,72.64063,0.9759168,0.2,00,000
4.990448,74.39246,72.44471,0.9766816,0.2,00,000
4.996399,74.52275,72.2846,0.9770176,0.2,00,000
5.002518,74.66788,72.10113,0.9775172,0.2,00,000
5.008514,74.81534,71.90938,0.9778472,0.2,00,000
5.014786,74.95824,71.71859,0.9780113,0.2,00,000
5.020584,75.10595,71.51617,0.9780931,0.2,00,000
5.026413,75.24094,71.32687,0.9781747,0.2,00,000
5.032654,75.3755,71.13397,0.9781748,0.2,00,000
5.038788,75.51788,70.92522,0.9781748,0.2,00,000
5.0448,75.65281,70.72597,0.9781748,0.2,00,000
5.050613,75.7807,70.53574,0.9781748,0.2,00,000
5.057266,75.90004,70.35699,0.9781748,0.2,00,000
5.062958,76.03149,70.15846,0.9783377,0.2,00,000
5.069214,76.1405,69.99262,0.9784189,0.2,00,000
5.07605,76.25616,69.8153,0.9785,0.2,00,000
5.081299,76.37796,69.62684,0.9787423,0.2,00,000
5.087296,76.4689,69.48515,0.9789031,0.2,00,000
5.093155,76.56945,69.32722,0.9791431,0.2,00,000
5.09935,76.66487,69.17611,0.9793818,0.2,00,000
5.105865,76.76251,69.0201,0.9796979,0.2,00,000
5.111404,76.86169,68.86014,0.9801675,0.2,00,000
5.117523,76.94373,68.72668,0.9804776,0.2,00,000
5.123917,77.03172,68.58219,0.9810145,0.2,00,000
5.129654,77.12072,68.43446,0.9818431,0.2,00,000
5.136353,77.1984,68.30425,0.9825804,0.2,00,000
5.141953,77.28608,68.15547,0.9835163,0.2,00,000
5.147919,77.35741,68.03311,0.9844266,0.2,00,000
5.154251,77.43127,67.90483,0.9853782,0.2,00,000
5.160263,77.50721,67.7711,0.9864937,0.2,00,000
5.166229,77.57715,67.64616,0.9877498,0.2,00,000
5.172379,77.64445,67.52406,0.9891766,0.2,00,000
5.178329,77.71163,67.40002,0.9907834,0.2,00,000
5.184464,77.77462,67.2815,0.9925035,0.2,00,000
5.190521,77.83733,67.1609,0.9941745,0.2,00,000
5.196579,77.897,67.0434,0.9958169,0.2,00,000
5.202911,77.95444,66.9272,0.9971884,0.2,00,000
5.209152,78.01208,66.80692,0.9984457,0.2,00,000
5.215164,78.06634,66.68979,0.9992136,0.2,00,000
5.221207,78.11636,66.57793,0.9997036,0.2,00,000
5.227325,78.16423,66.46672,0.9999518,0.2,00,000
5.233658,78.2103,66.35511,0.9999938,0.2,00,000
5.239563,78.25549,66.24046,0.9998887,0.2,00,000
5.245758,78.29537,66.13461,0.9997037,0.2,00,000
5.251556,78.3349,66.02431,0.9994816,0.2,00,000
5.257614,78.36984,65.92191,0.9992895,0.2,00,000
5.263855,78.40424,65.81566,0.9991338,0.2,00,000
5.269272,78.4375,65.70705,0.9990841,0.2,00,000
5.275421,78.46483,65.61327,0.9990841,0.2,00,000
5.281464,78.49394,65.50755,0.9990841,0.2,00,000
5.287415,78.52074,65.4045,0.9990841,0.2,00,000
5.294006,78.54552,65.30357,0.9990841,0.2,00,000
5.299484,78.57107,65.19254,0.9990671,0.2,00,000
5.306351,78.59109,65.10059,0.9990672,0.2,00,000
5.312012,78.6143,64.98611,0.9991008,0.2,00,000
5.318161,78.63227,64.89205,0.9991174,0.2,00,000
5.324188,78.65046,64.79037,0.9991338,0.2,00,000
5.330276,78.66705,64.69122,0.9991338,0.2,00,000
5.335907,78.68263,64.59148,0.9991501,0.2,00,000
5.342621,78.69606,64.49974,0.9991501,0.2,00,000
5.348541,78.71078,64.39084,0.9991822,0.2,00,000
5.354523,78.7228,64.29521,0.9992136,0.2,00,000
5.360703,78.73404,64.19883,0.999229,0.2,00,000
5.367447,78.74473,64.09966,0.9992746,0.2,00,000
5.372665,78.75537,63.99174,0.9993188,0.2,00,000
5.379059,78.76302,63.90856,0.9993332,0.2,00,000
5.385162,78.77156,63.80693,0.9993755,0.2,00,000
5.391052,78.77902,63.71004,0.9994165,0.2,00,000
5.397263,78.7856,63.61699,0.999456,0.2,00,000
5.403183,78.79191,63.51893,0.9994942,0.2,00,000
5.409256,78.79736,63.42584,0.999531,0.2,00,000
5.415253,78.80244,63.3306,0.9995663,0.2,00,000
5.42131,78.80696,63.23661,0.9996113,0.2,00,000
5.427551,78.81108,63.14195,0.9996435,0.2,00,000
5.433609,78.81488,63.04451,0.9996743,0.2,00,000
5.439438,78.81817,62.95013,0.9997036,0.2,00,000
5.445938,78.82099,62.85959,0.9997225,0.2,00,000
5.452179,78.82375,62.75869,0.9997495,0.2,00,000
5.458221,78.82607,62.66193,0.9997668,0.2,00,000
5.463959,78.82801,62.56857,0.9997834,0.2,00,000
5.470062,78.82962,62.47994,0.9997915,0.2,00,000
5.476852,78.83106,62.38585,0.9997995,0.2,00,000
5.482071,78.83237,62.28139,0.9998073,0.2,00,000
5.488251,78.8332,62.20113,0.9998073,0.2,00,000
5.494156,78.83396,62.1063,0.9998223,0.2,00,000
5.500153,78.8345,62.01579,0.9998224,0.2,00,000
5.506393,78.83486,61.924,0.9998297,0.2,00,000
5.51207,78.83504,61.82844,0.9998369,0.2,00,000
5.517761,78.83507,61.74154,0.9998369,0.2,00,000
5.523743,78.83495,61.65455,0.9998369,0.2,00,000
5.530457,78.83468,61.56312,0.9998369,0.2,00,000
5.536667,78.8342,61.46083,0.999844,0.2,00,000
5.54184,78.83361,61.36625,0.999844,0.2,00,000
5.547989,78.83303,61.28738,0.999844,0.2,00,000
5.554001,78.83221,61.19376,0.999844,0.2,00,000
5.560028,78.8313,61.10239,0.999844,0.2,00,000
5.566589,78.83027,61.01083,0.999844,0.2,00,000
5.572479,78.82903,60.91125,0.999844,0.2,00,000
5.579315,78.82782,60.82181,0.999844,0.2,00,000
5.584808,78.82629,60.71813,0.999844,0.2,00,000
5.590988,78.82499,60.63487,0.999844,0.2,00,000
5.596436,78.82345,60.54134,0.9998508,0.2,00,000
5.603149,78.82202,60.45882,0.9998508,0.2,00,000
5.608688,78.82017,60.35722,0.9998508,0.2,00,000
5.614655,78.81857,60.27332,0.9998508,0.2,00,000
5.620926,78.8168,60.18311,0.9998508,0.2,00,000
5.626907,78.81487,60.08835,0.9998508,0.2,00,000
5.632843,78.81296,59.998,0.9998508,0.2,00,000
5.639923,78.811,59.90828,0.9998508,0.2,00,000
5.646378,78.80861,59.80138,0.9998508,0.2,00,000
5.652008,78.80636,59.70401,0.9998508,0.2,00,000
5.65802,78.80435,59.61901,0.9998508,0.2,00,000
5.663712,78.80217,59.52832,0.9998508,0.2,00,000
5.670059,78.80006,59.4426,0.9998508,0.2,00,000
5.676331,78.79766,59.34692,0.9998508,0.2,00,000
5.682358,78.79524,59.25245,0.9998508,0.2,00,000
5.68837,78.79288,59.16154,0.9998508,0.2,00,000
5.694733,78.79049,59.07092,0.9998508,0.2,00,000
5.699982,78.78792,58.97506,0.9998508,0.2,00,000
5.705994,78.78577,58.89604,0.9998508,0.2,00,000
5.711823,78.78328,58.80545,0.9998508,0.2,00,000
5.717789,78.78083,58.71761,0.9998508,0.2,00,000
5.723846,78.77831,58.62794,0.9998508,0.2,00,000
5.730133,78.77572,58.53684,0.9998508,0.2,00,000
5.736267,78.77299,58.44236,0.9998508,0.2,00,000
5.741821,78.77032,58.35016,0.9998508,0.2,00,000
5.747849,78.76788,58.26667,0.9998508,0.2,00,000
5.753906,78.76519,58.17598,0.9998508,0.2,00,000
5.759933,78.76248,58.08501,0.9998508,0.2,00,000
5.766052,78.75976,57.99435,0.9998508,0.2,00,000
5.772156,78.75698,57.90248,0.9998508,0.2,00,000
5.778122,78.75419,57.81087,0.9998508,0.2,00,000
5.784668,78.75145,57.72128,0.9998508,0.2,00,000
5.790344,78.74841,57.62297,0.9998508,0.2,00,000
5.796326,78.74577,57.5376,0.9998508,0.2,00,000
5.802643,78.74296,57.44768,0.9998508,0.2,00,000
5.808533,78.73998,57.35274,0.9998508,0.2,00,000
5.81456,78.7372,57.26434,0.9998508,0.2,00,000
5.820557,78.73433,57.1739,0.9998508,0.2,00,000
5.826553,78.73147,57.08394,0.9998508,0.2,00,000
5.832642,78.72859,56.9938,0.9998508,0.2,00,000
5.838715,78.72566,56.90232,0.9998508,0.2,00,000
5.84494,78.72272,56.8112,0.9998508,0.2,00,000
5.851181,78.7197,56.71767,0.9998508,0.2,00,000
5.857117,78.71667,56.62399,0.9998508,0.2,00,000
5.862915,78.71377,56.53486,0.9998508,0.2,00,000
5.869049,78.71093,56.44773,0.9998508,0.2,00,000
5.874954,78.70792,56.35569,0.9998508,0.2,00,000
5.881088,78.70501,56.26701,0.9998508,0.2,00,000
5.887161,78.70198,56.17493,0.9998508,0.2,00,000
5.893356,78.69897,56.0837,0.9998508,0.2,00,000
5.899307,78.6959,55.99064,0.9998508,0.2,00,000
5.905304,78.69294,55.90125,0.9998508,0.2,00,000
5.911697,78.68996,55.81138,0.9998508,0.2,00,000
5.917557,78.68677,55.71549,0.9998508,0.2,00,000
5.923721,78.68384,55.62755,0.9998508,0.2,00,000
5.929916,78.68075,55.53509,0.9998508,0.2,00,000
5.935791,78.67764,55.44209,0.9998508,0.2,00,000
5.94194,78.67468,55.35387,0.9998508,0.2,00,000
5.947723,78.67159,55.26152,0.9998508,0.2,00,000
5.953842,78.66867,55.1747,0.9998508,0.2,00,000
5.960114,78.66558,55.08285,0.9998508,0.2,00,000
5.965942,78.66241,54.98887,0.9998508,0.2,00,000
5.972321,78.65946,54.90144,0.9998508,0.2,00,000
5.978165,78.65623,54.80577,0.9998508,0.2,00,000
5.984283,78.65327,54.71818,0.9998508,0.2,00,000
5.990417,78.65017,54.62639,0.9998508,0.2,00,000
5.996353,78.64705,54.53447,0.9998508,0.2,00,000
6.002258,78.64404,54.44547,0.9998508,0.2,00,000
6.008331,78.64102,54.35687,0.9998508,0.2,00,000
6.014282,78.63793,54.26583,0.9998508,0.2,00,000
6.020432,78.6349,54.17655,0.9998508,0.2,00,000
6.026459,78.63176,54.0844,0.9998508,0.2,00,000
6.032608,78.62868,53.99401,0.9998508,0.2,00,000
6.038559,78.62554,53.90179,0.9998508,0.2,00,000
6.044739,78.62249,53.81248,0.9998508,0.2,00,000
6.050842,78.61933,53.71988,0.9998508,0.2,00,000
6.056717,78.6162,53.62833,0.9998508,0.2,00,000
6.062881,78.6132,53.54023,0.9998508,0.2,00,000
6.069,78.61004,53.44788,0.9998508,0.2,00,000
6.075211,78.6069,53.3562,0.9998508,0.2,00,000
6.081024,78.60371,53.26311,0.9998508,0.2,00,000
6.087158,78.60073,53.17593,0.9998508,0.2,00,000
6.093094,78.59757,53.08387,0.9998508,0.2,00,000
6.099197,78.59453,52.99492,0.9998508,0.2,00,000
6.105392,78.59138,52.90341,0.9998508,0.2,00,000
6.111313,78.5882,52.81047,0.9998508,0.2,00,000
6.117371,78.58515,52.72171,0.9998508,0.2,00,000
6.123489,78.58204,52.63095,0.9998508,0.2,00,000
6.129425,78.57889,52.53924,0.9998508,0.2,00,000
6.135483,78.57584,52.45028,0.9998508,0.2,00,000
6.141495,78.57272,52.35944,0.9998508,0.2,00,000
6.147644,78.56961,52.26929,0.9998508,0.2,00,000
6.154053,78.56644,52.17703,0.9998508,0.2,00,000
6.159805,78.56313,52.08093,0.9998508,0.2,00,000
6.165848,78.56017,51.99462,0.9998508,0.2,00,000
6.172256,78.55704,51.90396,0.9998508,0.2,00,000
6.177963,78.55374,51.80779,0.9998508,0.2,00,000
6.184036,78.5508,51.72232,0.9998508,0.2,00,000
6.189957,78.54766,51.63132,0.9998508,0.2,00,000
6.196152,78.54461,51.54255,0.9998508,0.2,00,000
6.202179,78.5414,51.44959,0.9998508,0.2,00,000
6.208313,78.53829,51.35928,0.9998508,0.2,00,000
6.214203,78.53513,51.26743,0.9998508,0.2,00,000
6.220276,78.53209,51.17916,0.9998508,0.2,00,000
6.22641,78.52895,51.08807,0.9998508,0.2,00,000
6.233261,78.52578,50.99612,0.9998508,0.2,00,000
6.238663,78.52223,50.89332,0.9998508,0.2,00,000
6.244644,78.51944,50.81239,0.9998508,0.2,00,000
6.250732,78.51635,50.72272,0.9998508,0.2,00,000
6.256729,78.5132,50.63145,0.9998508,0.2,00,000
6.262894,78.5101,50.54165,0.9998508,0.2,00,000
6.269608,78.50692,50.44924,0.9998508,0.2,00,000
6.275787,78.50344,50.34851,0.9998508,0.2,00,000
6.281143,78.50024,50.25594,0.9998508,0.2,00,000
6.287247,78.49747,50.17565,0.9998508,0.2,00,000
6.293304,78.49432,50.08423,0.9998508,0.2,00,000
6.299194,78.49119,49.99348,0.9998508,0.2,00,000
6.305206,78.48814,49.90512,0.9998508,0.2,00,000
6.311386,78.48503,49.81503,0.9998508,0.2,00,000
6.317322,78.48183,49.7225,0.9998508,0.2,00,000
6.323349,78.47877,49.63352,0.9998508,0.2,00,000
6.329468,78.47564,49.54308,0.9998508,0.2,00,000
6.335495,78.47247,49.45135,0.9998508,0.2,00,000
6.341782,78.46935,49.36101,0.9998508,0.2,00,000
6.347992,78.4661,49.2668,0.9998508,0.2,00,000
6.353668,78.46289,49.17379,0.9998508,0.2,00,000
6.359756,78.45995,49.08862,0.9998508,0.2,00,000
6.365845,78.45679,48.99733,0.9998508,0.2,00,000
6.372131,78.45364,48.90612,0.9998508,0.2,00,000
6.378098,78.45039,48.81191,0.9998508,0.2,00,000
6.384201,78.4473,48.72252,0.9998508,0.2,00,000
6.390244,78.44414,48.63097,0.9998508,0.2,00,000
6.396393,78.44101,48.54042,0.9998508,0.2,00,000
6.402298,78.43783,48.44835,0.9998508,0.2,00,000
6.408447,78.43477,48.35979,0.9998508,0.2,00,000
6.414429,78.43159,48.26753,0.9998508,0.2,00,000
6.420792,78.42848,48.17781,0.9998508,0.2,00,000
6.426437,78.42519,48.08238,0.9998508,0.2,00,000
6.432373,78.42226,47.99767,0.9998508,0.2,00,000
6.438629,78.41919,47.9088,0.9998508,0.2,00,000
6.444519,78.41595,47.81497,0.9998508,0.2,00,000
6.451111,78.4129,47.72669,0.9998508,0.2,00,000
6.456955,78.40948,47.62779,0.9998508,0.2,00,000
6.462769,78.40645,47.5401,0.9998508,0.2,00,000
6.469086,78.40343,47.45289,0.9998508,0.2,00,000
6.475204,78.40016,47.35808,0.9998508,0.2,00,000
6.481415,78.39699,47.26638,0.9998508,0.2,00,000
6.487366,78.39378,47.17328,0.9998508,0.2,00,000
6.493469,78.39069,47.08414,0.9998508,0.2,00,000
6.49971,78.38754,46.99272,0.9998508,0.2,00,000
6.505295,78.3843,46.89918,0.9998508,0.2,00,000
6.511429,78.38141,46.81546,0.9998508,0.2,00,000
6.517334,78.37823,46.72351,0.9998508,0.2,00,000
6.523239,78.37517,46.63488,0.9998508,0.2,00,000
6.529373,78.37211,46.54637,0.9998508,0.2,00,000
6.5354,78.36893,46.45441,0.9998508,0.2,00,000
6.541412,78.3658,46.36395,0.9998508,0.2,00,000
6.547516,78.36269,46.27372,0.9998508,0.2,00,000
6.553528,78.35952,46.18216,0.9998508,0.2,00,000
6.56044,78.3564,46.09203,0.9998508,0.2,00,000
6.565857,78.35282,45.98835,0.9998508,0.2,00,000
6.571777,78.35001,45.90705,0.9998508,0.2,00,000
6.578384,78.34694,45.81834,0.9998508,0.2,00,000
6.584366,78.34352,45.71925,0.9998508,0.2,00,000
6.590286,78.34042,45.62962,0.9998508,0.2,00,000
6.5961,78.33736,45.54095,0.9998508,0.2,00,000
6.602127,78.33434,45.4537,0.9998508,0.2,00,000
6.608429,78.33121,45.36334,0.9998508,0.2,00,000
6.614365,78.32794,45.26876,0.9998508,0.2,00,000
6.620392,78.32487,45.17977,0.9998508,0.2,00,000
6.62645,78.32175,45.0894,0.9998508,0.2,00,000
6.632339,78.31861,44.99869,0.9998508,0.2,00,000
6.638596,78.31556,44.91045,0.9998508,0.2,00,000
6.644592,78.31232,44.81676,0.9998508,0.2,00,000
6.650681,78.30921,44.72687,0.9998508,0.2,00,000
6.656921,78.30606,44.63564,0.9998508,0.2,00,000
6.66272,78.30283,44.54211,0.9998508,0.2,00,000
6.66864,78.29982,44.45515,0.9998508,0.2,00,000
6.674911,78.29675,44.36634,0.9998508,0.2,00,000
6.681122,78.2935,44.27234,0.9998508,0.2,00,000
6.686966,78.29028,44.17922,0.9998508,0.2,00,000
6.692963,78.28725,44.09154,0.9998508,0.2,00,000
6.69899,78.28414,44.00158,0.9998508,0.2,00,000
6.70517,78.28102,43.91133,0.9998508,0.2,00,000
6.71106,78.27782,43.81871,0.9998508,0.2,00,000
6.717636,78.27477,43.73037,0.9998508,0.2,00,000
6.723221,78.27135,43.63168,0.9998508,0.2,00,000
6.72966,78.26846,43.54797,0.9998508,0.2,00,000
6.735733,78.26512,43.45146,0.9998508,0.2,00,000
6.741653,78.26198,43.36034,0.9998508,0.2,00,000
6.747681,78.25891,43.27169,0.9998508,0.2,00,000
6.75351,78.25578,43.18132,0.9998508,0.2,00,000
6.75975,78.25276,43.0939,0.9998508,0.2,00,000
6.766037,78.24953,43.00036,0.9998508,0.2,00,000
